thread_id,timestamp,user_query,response
1,23:04:43,When will the US federal government shutdown end?,"**Short answer:**  
The shutdown that began atâ€¯12:01â€¯a.m.â€¯EDT onâ€¯Octoberâ€¯1â€¯2025 is expected to end when the continuingâ€‘resolution (CR) that Congress passed onâ€¯Septemberâ€¯19,â€¯2025â€¯takes effect. That CR funds the government **throughâ€¯Novemberâ€¯21â€¯2025**, so the shutdown should be lifted **by that date** (or earlier if a longerâ€‘term funding bill is approved before then).

---

### What the sources say

| Source | Key point |
|--------|-----------|
| **Wikipedia â€“ â€œ2025 United States federal government shutdownâ€** | â€œThe federal government of the United States shut down at 12:01â€¯a.m. EDT on Octoberâ€¯1â€¯2025â€¦ The House passed a Republicanâ€‘sponsored CR (H.R.â€¯5371) on Septemberâ€¯19,â€¯2025 to keep the government open **throughâ€¯Nov.â€¯21â€¯2025**.â€ã€1â€ L1-L4ã€‘ |
| **HK Law â€“ Government Shutdown Advisory (Septâ€¯2025)** | Confirms the same CR: â€œby a vote of 217â€‘212, the U.S. House passed a Republicanâ€‘sponsored CR â€¦ to keep the government open **throughâ€¯Nov.â€¯21â€¯2025**.â€ã€2â€ L1-L4ã€‘ |
| **CNN liveâ€‘updates (Octâ€¯4â€¯2025)** | Reports that â€œthe government shutdown looks very likely to stretch into next weekâ€¦ the Houseâ€‘passed Republican measure would fund the government **until Nov.â€¯21**.â€ã€2â€ L7-L11ã€‘ |
| **NBC News (Septâ€¯2025)** | Notes that â€œthe Republican funding bill, which has already passed the House, would reopen the government **through Nov.â€¯21** without the healthâ€‘care provisions favored by Democrats.â€ã€3â€ L1-L3ã€‘ |

---

### Why Novemberâ€¯21â€¯2025 is the expected end date

1. **Funding gap:** Federal appropriations expired at midnight onâ€¯Septâ€¯30â€¯2025. Without a new appropriations bill or a continuing resolution, a shutdown automatically begins.  
2. **Continuing resolution (CR):** The Houseâ€‘passed CR (H.R.â€¯5371) provides **fullâ€‘year funding at 2025 levels** and adds security funding for officials. It is scheduled to expire **Nov.â€¯21â€¯2025**.  
3. **Senate status (as of early October 2025):** The Senate has not yet passed a final version, but the CR is already law in the House and is expected to be signed (or at least not blocked) before the deadline, meaning agencies can resume normal operations once the CR is in effect.  
4. **Potential for an earlier end:** If Congress negotiates and passes a longerâ€‘term appropriations package before Nov.â€¯21, the shutdown would end sooner. Until then, the **latest guaranteed end date is Nov.â€¯21â€¯2025**.

---

### What this means for you

- **Federal employees**: Those classified as â€œessentialâ€ have continued to work (often without pay) and should receive backâ€‘pay once the shutdown ends.  
- **Public services**: Most â€œnonâ€‘essentialâ€ services (national parks, museums, passport processing, etc.) remain closed or delayed until funding resumes.  
- **Tax filing**: The IRSâ€™s filing deadline (Octâ€¯15) still applies; the shutdown does **not** extend taxâ€‘return deadlines.  

---

### Bottom line

- **Current shutdown start:**â€¯Octâ€¯1â€¯2025  
- **Legislative fix in place:**â€¯Continuing resolution funding **throughâ€¯Nov.â€¯21â€¯2025**  
- **Expected shutdown end:**â€¯By **Nov.â€¯21â€¯2025** (or earlier if a full appropriations bill is enacted before that date).  

Stay tuned to major news outlets (e.g., CNN, NBC, Politico) for any updatesâ€”if Congress reaches a longerâ€‘term agreement, the shutdown could end well before the November deadline."
1,23:06:37,"Hi, this is Vinay!",Hello Vinay! ğŸ‘‹ How can I assist you today?
